-- Insertion queries for Address table

INSERT INTO Address (id, building_name, street, city, state, country, zip) VALUES (SYS_GUID(), 'Tower A', '123 Main Street', 'New York', 'NY', 'United States', '10001');
INSERT INTO Address (id, building_name, street, city, state, country, zip) VALUES (SYS_GUID(), 'Building One', '456 Oak Avenue', 'Los Angeles', 'CA', 'United States', '90001');
INSERT INTO Address (id, building_name, street, city, state, country, zip) VALUES (SYS_GUID(), 'Parkview Plaza', '789 Central Avenue', 'Chicago', 'IL', 'United States', '60601');
INSERT INTO Address (id, building_name, street, city, state, country, zip) VALUES (SYS_GUID(), 'The Pinnacle', '111 Broad Street', 'Atlanta', 'GA', 'United States', '30301');
INSERT INTO Address (id, building_name, street, city, state, country, zip) VALUES (SYS_GUID(), 'Central Tower', '222 Market Street', 'San Francisco', 'CA', 'United States', '94101');
INSERT INTO Address (id, building_name, street, city, state, country, zip) VALUES (SYS_GUID(), 'The Summit', '333 3rd Avenue', 'Seattle', 'WA', 'United States', '98101');
INSERT INTO Address (id, building_name, street, city, state, country, zip) VALUES (SYS_GUID(), 'City Hall Annex', '444 Main Street', 'Boston', 'MA', 'United States', '02101');
INSERT INTO Address (id, building_name, street, city, state, country, zip) VALUES (SYS_GUID(), 'Tower B', '555 Park Avenue', 'Dallas', 'TX', 'United States', '75201');
INSERT INTO Address (id, building_name, street, city, state, country, zip) VALUES (SYS_GUID(), 'Liberty Tower', '666 Freedom Blvd', 'Philadelphia', 'PA', 'United States', '19101');
INSERT INTO Address (id, building_name, street, city, state, country, zip) VALUES (SYS_GUID(), 'The Heights', '777 Hillside Road', 'Denver', 'CO', 'United States', '80201');
INSERT INTO Address (id, building_name, street, city, state, country, zip) VALUES (SYS_GUID(), 'Building A', '888 8th Street', 'San Diego', 'CA', 'United States', '92101');
INSERT INTO Address (id, building_name, street, city, state, country, zip) VALUES (SYS_GUID(), 'Hillview Apartments', '999 Hillview Avenue', 'San Jose', 'CA', 'United States', '95101');
INSERT INTO Address (id, building_name, street, city, state, country, zip) VALUES (SYS_GUID(), 'The Residences', '1111 1st Avenue', 'Seattle', 'WA', 'United States', '98101');
INSERT INTO Address (id, building_name, street, city, state, country, zip) VALUES (SYS_GUID(), 'The Plaza', '2222 Park Place', 'Nashville', 'TN', 'United States', '37201');
INSERT INTO Address (id, building_name, street, city, state, country, zip) VALUES (SYS_GUID(), 'Highland Terrace', '3333 Highland Drive', 'Salt Lake City', 'UT', 'United States', '84101');
INSERT INTO Address (id, building_name, street, city, state, country, zip) VALUES (SYS_GUID(), 'The Lofts', '4444 Main Street', 'Kansas City', 'MO', 'United States', '64101');
INSERT INTO Address (id, building_name, street, city, state, country, zip) VALUES (SYS_GUID(), 'Riverfront Place', '5555 River Road', 'Cincinnati', 'OH', 'United States', '45201');
INSERT INTO Address (id, building_name, street, city, state, country, zip) VALUES (SYS_GUID(), 'The Courtyard', '6666 Garden Court', 'Raleigh', 'NC', 'United States', '27601');
INSERT INTO Address (id, building_name, street, city, state, country, zip) VALUES (SYS_GUID(), 'The Enclave', '7777 Oak Street', 'Tampa', 'FL', 'United States', '33601');
INSERT INTO Address (id, building_name, street, city, state, country, zip) VALUES (SYS_GUID(), 'The Grand', '8888 Grand Avenue', 'Minneapolis', 'MN', 'United States', '55401');
INSERT INTO Address (id, building_name, street, city, state, country, zip) VALUES (SYS_GUID(), 'Park Place Apartments', '9999 Park Place', 'Baltimore', 'MD', 'United States', '21201');
INSERT INTO Address (id, building_name, street, city, state, country, zip) VALUES (SYS_GUID(), 'Oakview Apartments', '11111 Oakview Drive', 'Oakland', 'CA', 'United States', '94601');
INSERT INTO Address (id, building_name, street, city, state, country, zip) VALUES (SYS_GUID(), 'The Towers', '22222 Tower Road', 'Houston', 'TX', 'United States', '77001');
INSERT INTO Address (id, building_name, street, city, state, country, zip) VALUES (SYS_GUID(), 'The Majestic', '4443 Elm Street', 'New Orleans', 'LA', 'United States', '70112');
INSERT INTO Address (id, building_name, street, city, state, country, zip) VALUES (SYS_GUID(), 'The Heights', '1381 Highland Avenue', 'Atlanta', 'GA', 'United States', '30303');
INSERT INTO Address (id, building_name, street, city, state, country, zip) VALUES (SYS_GUID(), 'The Greens', '21 Birdie Lane', 'Dallas', 'TX', 'United States', '75201');
INSERT INTO Address (id, building_name, street, city, state, country, zip) VALUES (SYS_GUID(), 'Cedar Hills Apartments', '1333 1st Street', 'Los Angeles', 'CA', 'United States', '90001');
INSERT INTO Address (id, building_name, street, city, state, country, zip) VALUES (SYS_GUID(), 'The Gardens', '5678 Flower Road', 'Seattle', 'WA', 'United States', '98101');
INSERT INTO Address (id, building_name, street, city, state, country, zip) VALUES (SYS_GUID(), 'The Oaks', '7825 Redwood Boulevard', 'San Francisco', 'CA', 'United States', '94101');
INSERT INTO Address (id, building_name, street, city, state, country, zip) VALUES (SYS_GUID(), 'Maplewood Apartments', '4567 Maple Street', 'Boston', 'MA', 'United States', '02101');
INSERT INTO Address (id, building_name, street, city, state, country, zip) VALUES (SYS_GUID(), 'Cherrywood Estates', '1234 Cherry Lane', 'Denver', 'CO', 'United States', '80201');
INSERT INTO Address (id, building_name, street, city, state, country, zip) VALUES (SYS_GUID(), 'Parkside Condos', '901 Parkview Drive', 'Chicago', 'IL', 'United States', '60601');
INSERT INTO Address (id, building_name, street, city, state, country, zip) VALUES (SYS_GUID(), 'The Palms', '2345 Palm Avenue', 'Miami', 'FL', 'United States', '33101');
INSERT INTO Address (id, building_name, street, city, state, country, zip) VALUES (SYS_GUID(), 'The Terraces', '4567 Terrace Way', 'Portland', 'OR', 'United States', '97201');
INSERT INTO Address (id, building_name, street, city, state, country, zip) VALUES (SYS_GUID(), 'The Pines', '6789 Pine Street', 'Philadelphia', 'PA', 'United States', '19101');
INSERT INTO Address (id, building_name, street, city, state, country, zip) VALUES (SYS_GUID(), 'The Cedars', '5678 Cedar Boulevard', 'San Diego', 'CA', 'United States', '92101');
INSERT INTO Address (id, building_name, street, city, state, country, zip) VALUES (SYS_GUID(), 'Lakeside Apartments', '4321 Lakeview Drive', 'Minneapolis', 'MN', 'United States', '55401');
INSERT INTO Address (id, building_name, street, city, state, country, zip) VALUES (SYS_GUID(), 'The Cove', '1111 Bayview Road', 'Baltimore', 'MD', 'United States', '21201');
INSERT INTO Address (id, building_name, street, city, state, country, zip) VALUES (SYS_GUID(), 'The Greens', '2222 Golf Course Drive', 'Phoenix', 'AZ', 'United States', '85001');
INSERT INTO Address (id, building_name, street, city, state, country, zip) VALUES (SYS_GUID(), 'The Courtyard', '3333 Courtyard Way', 'New York', 'NY', 'United States', '10001');
INSERT INTO Address (id, building_name, street, city, state, country, zip) VALUES (SYS_GUID(), 'The Glen', '4444 Glenwood Avenue', 'Tampa', 'FL', 'United States', '33601');
INSERT INTO Address (id, building_name, street, city, state, country, zip) VALUES (SYS_GUID(), 'The Vineyards', '5555 Vineyard Lane', 'Houston', 'TX', 'United States', '77001');
INSERT INTO Address (id, building_name, street, city, state, country, zip) VALUES (SYS_GUID(), 'The Orchards', '6666 Orchard Drive', 'San Jose', 'CA', 'United States', '95101');
INSERT INTO Address (id, building_name, street, city, state, country, zip) VALUES (SYS_GUID(), 'The Meadows', '7777 Meadow Lane', 'Nashville', 'TN', 'United States', '37201');
INSERT INTO Address (id, building_name, street, city, state, country, zip) VALUES (SYS_GUID(), 'The Willows', '8888 Willow Way', 'St. Louis', 'MO', 'United States', '63101');
INSERT INTO Address (id, building_name, street, city, state, country, zip) VALUES (SYS_GUID(), 'The Gardens', '9999 Garden Lane', 'Portland', 'ME', 'United States', '04101');
INSERT INTO Address (id, building_name, street, city, state, country, zip) VALUES (SYS_GUID(), 'The Vue', '1234 Vista Drive', 'Las Vegas', 'NV', 'United States', '89101');
INSERT INTO Address (id, building_name, street, city, state, country, zip) VALUES (SYS_GUID(), 'The Park', '2345 Park Lane', 'Orlando', 'FL', 'United States', '32801');
INSERT INTO Address (id, building_name, street, city, state, country, zip) VALUES (SYS_GUID(), 'The Residences', '3456 Residence Road', 'Seattle', 'WA', 'United States', '98101');
INSERT INTO Address (id, building_name, street, city, state, country, zip) VALUES (SYS_GUID(), 'The Summit', '4567 Summit Avenue', 'Denver', 'CO', 'United States', '80201');
INSERT INTO Address (id, building_name, street, city, state, country, zip) VALUES (SYS_GUID(), 'The Gardens', '5678 Garden Lane', 'Chicago', 'IL', 'United States', '60601');
INSERT INTO Address (id, building_name, street, city, state, country, zip) VALUES (SYS_GUID(), 'The Pines', '6789 Pinecrest Drive', 'Boston', 'MA', 'United States', '02101');
INSERT INTO Address (id, building_name, street, city, state, country, zip) VALUES (SYS_GUID(), 'The Terraces', '7890 Terrace Way', 'San Francisco', 'CA', 'United States', '94101');
INSERT INTO Address (id, building_name, street, city, state, country, zip) VALUES (SYS_GUID(), 'The Cedars', '8901 Cedar Boulevard', 'Los Angeles', 'CA', 'United States', '90001');
INSERT INTO Address (id, building_name, street, city, state, country, zip) VALUES (SYS_GUID(), 'The Palms', '9012 Palm Lane', 'Miami', 'FL', 'United States', '33101');
INSERT INTO Address (id, building_name, street, city, state, country, zip) VALUES (SYS_GUID(), 'The Glen', '1111 Glenwood Avenue', 'Nashville', 'TN', 'United States', '37201');
INSERT INTO Address (id, building_name, street, city, state, country, zip) VALUES (SYS_GUID(), 'The Meadows', '2222 Meadow Drive', 'Portland', 'OR', 'United States', '97201');
INSERT INTO Address (id, building_name, street, city, state, country, zip) VALUES (SYS_GUID(), 'The Oaks', '3333 Oak Street', 'New York', 'NY', 'United States', '10001');
INSERT INTO Address (id, building_name, street, city, state, country, zip) VALUES (SYS_GUID(), 'The Vineyards', '4444 Vineyard Lane', 'Houston', 'TX', 'United States', '77001');
INSERT INTO Address (id, building_name, street, city, state, country, zip) VALUES (SYS_GUID(), 'The Orchards', '5555 Orchard Road', 'San Jose', 'CA', 'United States', '95101');
INSERT INTO Address (id, building_name, street, city, state, country, zip) VALUES (SYS_GUID(), 'The Willows', '6666 Willow Lane', 'St. Louis', 'MO', 'United States', '63101');
INSERT INTO Address (id, building_name, street, city, state, country, zip) VALUES (SYS_GUID(), 'The Courtyard', '7777 Courtyard Way', 'Philadelphia', 'PA', 'United States', '19101');
INSERT INTO Address (id, building_name, street, city, state, country, zip) VALUES (SYS_GUID(), 'The Greens', '8888 Greenway Boulevard', 'Phoenix', 'AZ', 'United States', '85001');
INSERT INTO Address (id, building_name, street, city, state, country, zip) VALUES (SYS_GUID(), 'The Cove', '9999 Cove Lane', 'Baltimore', 'MD', 'United States', '21201');
INSERT INTO Address (id, building_name, street, city, state, country, zip) VALUES (SYS_GUID(), 'The Heights', '12345 Hilltop Road', 'Dallas', 'TX', 'United States', '75201');
INSERT INTO Address (id, building_name, street, city, state, country, zip) VALUES (SYS_GUID(), 'The Palisades', '23456 Palisade Drive', 'Seattle', 'WA', 'United States', '98101');
INSERT INTO Address (id, building_name, street, city, state, country, zip) VALUES (SYS_GUID(), 'The Enclave', '3456 Enclave Lane', 'Atlanta', 'GA', 'United States', '30301');
INSERT INTO Address (id, building_name, street, city, state, country, zip) VALUES (SYS_GUID(), 'The Summit', '6789 Summit Avenue', 'Chicago', 'IL', 'United States', '60601');
INSERT INTO Address (id, building_name, street, city, state, country, zip) VALUES (SYS_GUID(), 'The Courtyard', '1234 Courtyard Lane', 'Dallas', 'TX', 'United States', '75201');
INSERT INTO Address (id, building_name, street, city, state, country, zip) VALUES (SYS_GUID(), 'The Oaks', '5678 Oakwood Drive', 'Los Angeles', 'CA', 'United States', '90001');
INSERT INTO Address (id, building_name, street, city, state, country, zip) VALUES (SYS_GUID(), 'The Pines', '9012 Pinehurst Lane', 'Miami', 'FL', 'United States', '33101');
INSERT INTO Address (id, building_name, street, city, state, country, zip) VALUES (SYS_GUID(), 'The Terraces', '2345 Terrace Drive', 'San Francisco', 'CA', 'United States', '94101');
INSERT INTO Address (id, building_name, street, city, state, country, zip) VALUES (SYS_GUID(), 'The Cedars', '6789 Cedar Drive', 'Boston', 'MA', 'United States', '02101');
INSERT INTO Address (id, building_name, street, city, state, country, zip) VALUES (SYS_GUID(), 'The Glen', '1111 Glen Road', 'Denver', 'CO', 'United States', '80201');
INSERT INTO Address (id, building_name, street, city, state, country, zip) VALUES (SYS_GUID(), 'The Meadows', '2222 Meadow Lane', 'Seattle', 'WA', 'United States', '98101');
INSERT INTO Address (id, building_name, street, city, state, country, zip) VALUES (SYS_GUID(), 'The Gardens', '3333 Garden Avenue', 'Philadelphia', 'PA', 'United States', '19101');
INSERT INTO Address (id, building_name, street, city, state, country, zip) VALUES (SYS_GUID(), 'The Vineyards', '4444 Vineyard Drive', 'Houston', 'TX', 'United States', '77001');
INSERT INTO Address (id, building_name, street, city, state, country, zip) VALUES (SYS_GUID(), 'The Orchards', '5555 Orchard Boulevard', 'San Jose', 'CA', 'United States', '95101');
INSERT INTO Address (id, building_name, street, city, state, country, zip) VALUES (SYS_GUID(), 'The Willows', '6666 Willow Street', 'St. Louis', 'MO', 'United States', '63101');
INSERT INTO Address (id, building_name, street, city, state, country, zip) VALUES (SYS_GUID(), 'The Heights', '7777 Heights Road', 'Nashville', 'TN', 'United States', '37201');
INSERT INTO Address (id, building_name, street, city, state, country, zip) VALUES (SYS_GUID(), 'The Greens', '8888 Greenside Lane', 'Portland', 'OR', 'United States', '97201');
INSERT INTO Address (id, building_name, street, city, state, country, zip) VALUES (SYS_GUID(), 'The Cove', '9999 Cove Court', 'New York', 'NY', 'United States', '10001');
INSERT INTO Address (id, building_name, street, city, state, country, zip) VALUES (SYS_GUID(), 'The Palms', '1111 Palm Lane', 'Phoenix', 'AZ', 'United States', '85001');
INSERT INTO Address (id, building_name, street, city, state, country, zip) VALUES (SYS_GUID(), 'The Terraces', '2222 Terrace Boulevard', 'Baltimore', 'MD', 'United States', '21201');
INSERT INTO Address (id, building_name, street, city, state, country, zip) VALUES (SYS_GUID(), 'The Gardens', '3333 Garden Lane', 'Seattle', 'WA', 'United States', '98101');
INSERT INTO Address (id, building_name, street, city, state, country, zip) VALUES (SYS_GUID(), 'The Pines', '4444 Pine Road', 'Denver', 'CO', 'United States', '80201');
INSERT INTO Address (id, building_name, street, city, state, country, zip) VALUES (SYS_GUID(), 'The Oaks', '5555 Oakwood Lane', 'Chicago', 'IL', 'United States', '60601');
INSERT INTO Address (id, building_name, street, city, state, country, zip) VALUES (SYS_GUID(), 'The Summit', '6666 Summit Drive', 'Dallas', 'TX', 'United States', '75201');
INSERT INTO Address (id, building_name, street, city, state, country, zip) VALUES (SYS_GUID(), 'The Courtyard', '7777 Courtyard Lane', 'Los Angeles', 'CA', 'United States', '90001');
INSERT INTO Address (id, building_name, street, city, state, country, zip) VALUES (SYS_GUID(), 'The Glen', '8888 Glenwood Avenue', 'Miami', 'FL', 'United States', '33101');

-- Insertion queries for Insurance table

INSERT INTO Insurance (id, policy_type, provider, claim_percentage)
VALUES (SYS_GUID(), 'FAMILY_POLICY', 'HDFC', 80);

INSERT INTO Insurance (id, policy_type, provider, claim_percentage)
VALUES (SYS_GUID(), 'SENIOR_CITIZEN', 'STAR', 70);

INSERT INTO Insurance (id, policy_type, provider, claim_percentage)
VALUES (SYS_GUID(), 'MEDICARE AND MEDICAID', 'TATA', 60);

INSERT INTO Insurance (id, policy_type, provider, claim_percentage)
VALUES (SYS_GUID(), 'PUBLIC HEALTH POLICY', 'RELIANCE', 50);

INSERT INTO Insurance (id, policy_type, provider, claim_percentage)
VALUES (SYS_GUID(), 'MENTAL HEALTH POLICY', 'TATA', 40);

INSERT INTO Insurance (id, policy_type, provider, claim_percentage)
VALUES (SYS_GUID(), 'SUBSTANCE ABUSE POLICY', 'STAR', 30);

INSERT INTO Insurance (id, policy_type, provider, claim_percentage)
VALUES (SYS_GUID(), 'HEALTH WORKFORCE POLICY', 'RELIANCE', 20);

INSERT INTO Insurance (id, policy_type, provider, claim_percentage)
VALUES (SYS_GUID(), 'UNIVERSAL HEALTHCARE COVERAGE POLICY', 'AVANCE', 10);

INSERT INTO Insurance (id, policy_type, provider, claim_percentage)
VALUES (SYS_GUID(), 'HEALTH FINANCING POLICY', 'CREDILA', 5);

INSERT INTO Insurance (id, policy_type, provider, claim_percentage)
VALUES (SYS_GUID(), 'HEALTH TECHNOLOGY POLICY', 'MACAW HEALTH', 15);

-- Insertion queries for Allergy table

INSERT INTO Allergy (id, description) VALUES 
(SYS_GUID(), 'Peanut allergy');

INSERT INTO Allergy (id, description) VALUES 
(SYS_GUID(), 'Hay fever');

INSERT INTO Allergy (id, description) VALUES 
(SYS_GUID(), 'Shellfish allergy');

INSERT INTO Allergy (id, description) VALUES 
(SYS_GUID(), 'Dust mite allergy');

INSERT INTO Allergy (id, description) VALUES 
(SYS_GUID(), 'Latex allergy');

INSERT INTO Allergy (id, description) VALUES 
(SYS_GUID(), 'Cat allergy');

INSERT INTO Allergy (id, description) VALUES 
(SYS_GUID(), 'Egg allergy');

INSERT INTO Allergy (id, description) VALUES 
(SYS_GUID(), 'Tree nut allergy');

INSERT INTO Allergy (id, description) VALUES 
(SYS_GUID(), 'Wheat allergy');

INSERT INTO Allergy (id, description) VALUES 
(SYS_GUID(), 'Mold allergy');

-- Insertion queries for Vaccination table

INSERT INTO Vaccination (id, name, number_of_doses, strength_of_dose, prescription_needed)
VALUES (SYS_GUID(),  'Pfizer-BioNTech', 2, '30μg', 'Y');

INSERT INTO Vaccination (id, name, number_of_doses, strength_of_dose, prescription_needed)
VALUES (SYS_GUID(),  'Moderna', 2, '100μg', 'Y');
    
INSERT INTO Vaccination (id, name, number_of_doses, strength_of_dose, prescription_needed)
VALUES (SYS_GUID(),  'Johnson', 1, '80μg', 'N');
    
INSERT INTO Vaccination (id, name, number_of_doses, strength_of_dose, prescription_needed)
VALUES (SYS_GUID(),  'AstraZeneca', 2, '5μg', 'Y');
    
INSERT INTO Vaccination (id, name, number_of_doses, strength_of_dose, prescription_needed)
VALUES (SYS_GUID(),  'Sinovac', 2, '600U', 'Y');
    
INSERT INTO Vaccination (id, name, number_of_doses, strength_of_dose, prescription_needed)
VALUES (SYS_GUID(),  'Sputnik V', 2, '50μg', 'Y');
    
INSERT INTO Vaccination (id, name, number_of_doses, strength_of_dose, prescription_needed)
VALUES (SYS_GUID(), 'Sinopharm', 2, '600U', 'Y');
    
INSERT INTO Vaccination (id, name, number_of_doses, strength_of_dose, prescription_needed)
VALUES (SYS_GUID(),  'Novavax', 2, '5μg', 'Y');
    
INSERT INTO Vaccination (id, name, number_of_doses, strength_of_dose, prescription_needed)
VALUES (SYS_GUID(),  'Covovax', 2, '6μg', 'Y');
    
INSERT INTO Vaccination (id, name, number_of_doses, strength_of_dose, prescription_needed)
VALUES (SYS_GUID(),  'Coronavac', 2, '600U', 'Y');

-- Insertion queries for Drug_Inventory table

INSERT INTO Drug_Inventory (ndc_code, name, manufacturer, strength, expiry_date, cost, category, location_aisle, drug_type, number_of_available_units, address_id)
VALUES (SYS_GUID(), 'Amoxicillin', 'Pfizer', '500 mg', TIMESTAMP '2023-12-31 23:59:59', 5.99, 'Medication', 'A-2', 'Tablet', 100, HEXTORAW('F619EC9363C91680E055000000000001'));

INSERT INTO Drug_Inventory (ndc_code, name, manufacturer, strength, expiry_date, cost, category, location_aisle, drug_type, number_of_available_units, address_id)
VALUES (SYS_GUID(), 'Ibuprofen', 'Bayer', '200 mg', TIMESTAMP '2024-05-31 23:59:59', 3.99, 'Medication', 'B-4', 'Tablet', 200, HEXTORAW('F619EC9363CA1680E055000000000001'));

INSERT INTO Drug_Inventory (ndc_code, name, manufacturer, strength, expiry_date, cost, category, location_aisle, drug_type, number_of_available_units, address_id)
VALUES (SYS_GUID(), 'Aspirin', 'Bayer', '81 mg', TIMESTAMP '2023-11-30 23:59:59', 2.99, 'Medication', 'C-1', 'Tablet', 150, HEXTORAW('F619EC9363CB1680E055000000000001'));

INSERT INTO Drug_Inventory (ndc_code, name, manufacturer, strength, expiry_date, cost, category, location_aisle, drug_type, number_of_available_units, address_id)
VALUES (SYS_GUID(), 'Lisinopril', 'Merck', '10 mg', TIMESTAMP '2025-02-28 23:59:59', 9.99, 'Medication', 'D-3', 'Tablet', 50, HEXTORAW('F619EC9363CC1680E055000000000001'));

INSERT INTO Drug_Inventory (ndc_code, name, manufacturer, strength, expiry_date, cost, category, location_aisle, drug_type, number_of_available_units, address_id)
VALUES (SYS_GUID(), 'Flu vaccine', 'GlaxoSmithKline', '10 mcg', TIMESTAMP '2023-10-31 23:59:59', 25.99, 'Vaccination', 'E-2', 'Injection', 30, HEXTORAW('F619EC9363CD1680E055000000000001'));

INSERT INTO Drug_Inventory (ndc_code, name, manufacturer, strength, expiry_date, cost, category, location_aisle, drug_type, number_of_available_units, address_id)
VALUES (SYS_GUID(), 'Tdap vaccine', 'Sanofi Pasteur', '2.5 Lf', TIMESTAMP '2024-09-30 23:59:59', 39.99, 'Vaccination', 'F-4', 'Injection', 20, HEXTORAW('F619EC9363CE1680E055000000000001'));

INSERT INTO Drug_Inventory (ndc_code, name, manufacturer, strength, expiry_date, cost, category, location_aisle, drug_type, number_of_available_units, address_id)
VALUES (SYS_GUID(), 'Paracetamol', 'Johnson', '500 mg', TIMESTAMP '2023-08-31 23:59:59', 6.99, 'Medication', 'G-1', 'Tablet', 80, HEXTORAW('F619EC9363CF1680E055000000000001'));

INSERT INTO Drug_Inventory (ndc_code, name, manufacturer, strength, expiry_date, cost, category, location_aisle, drug_type, number_of_available_units, address_id)
VALUES (SYS_GUID(), 'Azythromycin', 'Azyth', '250 mg', TIMESTAMP '2023-07-28 22:59:59', 5.99, 'Medication', 'A-1', 'Tablet', 50, HEXTORAW('F619EC9363D01680E055000000000001'));

INSERT INTO Drug_Inventory (ndc_code, name, manufacturer, strength, expiry_date, cost, category, location_aisle, drug_type, number_of_available_units, address_id)
VALUES (SYS_GUID(), 'Crocin', 'Sachin', '200 mg', TIMESTAMP '2024-07-25 23:59:59', 8.99, 'Vaccination', 'L-1', 'Tablet', 40, HEXTORAW('F619EC9363D11680E055000000000001'));

INSERT INTO Drug_Inventory (ndc_code, name, manufacturer, strength, expiry_date, cost, category, location_aisle, drug_type, number_of_available_units, address_id)
VALUES (SYS_GUID(), 'Eldoper', 'Eldana', '650', TIMESTAMP '2025-07-19 21:49:59', 49.99, 'Medication', 'K-1', 'Tablet', 90, HEXTORAW('F619EC9363D21680E055000000000001'));

-- Insertion queries for Patient table

INSERT INTO Patient (id, first_name, last_name, age, phone_number, email, gender, national_identification_number, address_id)
VALUES (SYS_GUID(), 'Melissa', 'Garcia', 24, '(890) 123-4567', 'melissagarcia@gmail.com', 'F', '890123456',HEXTORAW('F619EC9363D31680E055000000000001'));

INSERT INTO Patient (id, first_name, last_name, age, phone_number, email, gender, national_identification_number, address_id)
VALUES (SYS_GUID(), 'Kevin', 'Smith', 39, '(901) 234-5678', 'kevinsmith@gmail.com', 'M', '901234567', HEXTORAW('F619EC9363D31680E055000000000001'));

INSERT INTO Patient (id, first_name, last_name, age, phone_number, email, gender, national_identification_number, address_id)
VALUES (SYS_GUID(), 'Rachel', 'Brown', 28, '(012) 345-6789', 'rachelbrown@gmail.com', 'F', '012345678', HEXTORAW('F619EC9363D31680E055000000000001'));

INSERT INTO Patient (id, first_name, last_name, age, phone_number, email, gender, national_identification_number, address_id)
VALUES (SYS_GUID(), 'Daniel', 'Gonzalez', 41, '(123) 456-7891', 'danielgonzalez@gmail.com', 'M', '123456789', HEXTORAW('F619EC9363D31680E055000000000001'));

INSERT INTO Patient (id, first_name, last_name, age, phone_number, email, gender, national_identification_number, address_id)
VALUES (SYS_GUID(), 'Lauren', 'Miller', 32, '(234) 567-8902', 'laurenmiller@gmail.com', 'F', '234567890', HEXTORAW('F619EC9363D31680E055000000000001'));

INSERT INTO Patient (id, first_name, last_name, age, phone_number, email, gender, national_identification_number, address_id)
VALUES (SYS_GUID(), 'Robert', 'Jackson', 47, '(345) 678-9013', 'robertjackson@gmail.com', 'M', '345678901', HEXTORAW('F619EC9363D41680E055000000000001'));

INSERT INTO Patient (id, first_name, last_name, age, phone_number, email, gender, national_identification_number, address_id)
VALUES (SYS_GUID(), 'Jennifer', 'Davis', 19, '(456) 789-0124', 'jenniferdavis@gmail.com', 'F', '456789012', HEXTORAW('F619EC9363D41680E055000000000001'));

INSERT INTO Patient (id, first_name, last_name, age, phone_number, email, gender, national_identification_number, address_id)
VALUES (SYS_GUID(), 'Sarah', 'Taylor', 31, '(678) 901-2345', 'sarahtaylor@gmail.com', 'F', '678901236', HEXTORAW('F619EC9363D41680E055000000000001'));

INSERT INTO Patient (id, first_name, last_name, age, phone_number, email, gender, national_identification_number, address_id)
VALUES (SYS_GUID(), 'Jason', 'Lee', 42, '(789) 012-3456', 'jasonlee@gmail.com', 'M', '789012345', HEXTORAW('F619EC9363D41680E055000000000001'));

INSERT INTO Patient (id, first_name, last_name, age, phone_number, email, gender, national_identification_number, address_id)
VALUES (SYS_GUID(), 'Samantha', 'Robinson', 29, '(678) 901-2346', 'samantharobinson@gmail.com', 'F', '678901234', HEXTORAW('F619EC9363D41680E055000000000001'));

-- Insertion queries for Clinic table

INSERT INTO Clinic (id, name, phone_number, email, website, address_id)
VALUES (SYS_GUID(), 'Healthy Life Clinic', '(123) 456-7890', 'healthylifeclinic@example.com', 'http://www.healthylifeclinic.com', HEXTORAW('F619EC9363D61680E055000000000001'));

INSERT INTO Clinic (id, name, phone_number, email, website, address_id)
VALUES (SYS_GUID(), 'Sunshine Medical Center', '(234) 567-8901', 'sunshinemedicalcenter@example.com', 'http://www.sunshinemedicalcenter.com', HEXTORAW('F619EC9363D71680E055000000000001'));

INSERT INTO Clinic (id, name, phone_number, email, website, address_id)
VALUES (SYS_GUID(), 'Good Health Clinic', '(345) 678-9012', 'goodhealthclinic@example.com', 'http://www.goodhealthclinic.com', HEXTORAW('F619EC9363D81680E055000000000001'));

INSERT INTO Clinic (id, name, phone_number, email, website, address_id)
VALUES (SYS_GUID(), 'Evergreen Medical Group', '(456) 789-0123', 'evergreenmedicalgroup@example.com', 'http://www.evergreenmedicalgroup.com', HEXTORAW('F619EC9363DA1680E055000000000001'));

INSERT INTO Clinic (id, name, phone_number, email, website, address_id)
VALUES (SYS_GUID(), 'Healthy Heart Clinic', '(567) 890-1234', 'healthyheartclinic@example.com', 'http://www.healthyheartclinic.com', HEXTORAW('F619EC9363DB1680E055000000000001'));

INSERT INTO Clinic (id, name, phone_number, email, website, address_id)
VALUES (SYS_GUID(), 'Caring Family Clinic', '(678) 901-2345', 'caringfamilyclinic@example.com', 'http://www.caringfamilyclinic.com', HEXTORAW('F619EC9363DC1680E055000000000001'));

INSERT INTO Clinic (id, name, phone_number, email, website, address_id)
VALUES (SYS_GUID(), 'Peak Performance Clinic', '(789) 012-3456', 'peakperformanceclinic@example.com', 'http://www.peakperformanceclinic.com', HEXTORAW('F619EC9363DD1680E055000000000001'));

INSERT INTO Clinic (id, name, phone_number, email, website, address_id)
VALUES (SYS_GUID(), 'Total Care Clinic', '(890) 123-4567', 'totalcareclinic@example.com', 'http://www.totalcareclinic.com', HEXTORAW('F619EC9363DE1680E055000000000001'));

INSERT INTO Clinic (id, name, phone_number, email, website, address_id)
VALUES (SYS_GUID(), 'Comprehensive Care Clinic', '(012) 345-6789', 'comprehensivecareclinic@example.com', 'http://www.comprehensivecareclinic.com', HEXTORAW('F619EC9363DF1680E055000000000001'));

INSERT INTO Clinic (id, name, phone_number, email, website, address_id)
VALUES (SYS_GUID(), 'Vitality Medical Center', '(123) 456-7891', 'vitalitymedicalcenter@example.com', 'http://www.vitalitymedicalcenter.com', HEXTORAW('F619EC9363E01680E055000000000001'));


-- Insertion queries for Doctor table

INSERT INTO Doctor (id, first_name, last_name, age, phone_number, email, gender, ssn, profession_start_date, speciality, address_id) 
VALUES (SYS_GUID(), 'Jane','Smith',28,'(987) 654-3210','janesmith@gmail.com','F', '999999999',TO_TIMESTAMP('2018-06-15 14:30:00', 'YYYY-MM-DD HH24:MI:SS'), 'Pediatrics',HEXTORAW('F619EC9363D51680E055000000000001'));
INSERT INTO Doctor (id, first_name, last_name, age, phone_number, email, gender, ssn, profession_start_date, speciality, address_id) 
VALUES (SYS_GUID(), 'John', 'Doe', 35, '(555) 123-4567', 'john.doe@email.com', 'M', '888888888', TO_TIMESTAMP('2020-01-01 00:00:00', 'YYYY-MM-DD HH24:MI:SS'), 'Cardiology', HEXTORAW('F619EC9363D51680E055000000000001'));
INSERT INTO Doctor (id, first_name, last_name, age, phone_number, email, gender, ssn, profession_start_date, speciality, address_id)
VALUES (SYS_GUID(), 'Will', 'Smith', 28, '(555) 234-5678', 'will.smith@email.com', 'F', '777777777', TO_TIMESTAMP('2018-06-15 09:30:00', 'YYYY-MM-DD HH24:MI:SS'), 'Pediatrics',HEXTORAW('F619EC9363D51680E055000000000001'));
INSERT INTO Doctor (id, first_name, last_name, age, phone_number, email, gender, ssn, profession_start_date, speciality, address_id)
VALUES (SYS_GUID(), 'Michael', 'Johnson', 42, '(555) 345-6789', 'michael.johnson@email.com', 'M', '666666666', TO_TIMESTAMP('2010-07-01 12:00:00', 'YYYY-MM-DD HH24:MI:SS'), 'Dermatology', HEXTORAW('F619EC9363D51680E055000000000001'));
INSERT INTO Doctor (id, first_name, last_name, age, phone_number, email, gender, ssn, profession_start_date, speciality, address_id)
VALUES (SYS_GUID(), 'Emily', 'Davis', 31, '(555) 456-7890', 'emily.davis@email.com', 'F', '555555555', TO_TIMESTAMP('2019-03-21 15:45:00', 'YYYY-MM-DD HH24:MI:SS'), 'Ophthalmology',HEXTORAW('F619EC9363D51680E055000000000001'));
INSERT INTO Doctor (id, first_name, last_name, age, phone_number, email, gender, ssn, profession_start_date, speciality, address_id)
VALUES (SYS_GUID(), 'David', 'Wilson', 37, '(555) 567-8901', 'david.wilson@email.com', 'M', '444444444', TO_TIMESTAMP('2015-09-01 08:00:00', 'YYYY-MM-DD HH24:MI:SS'), 'Orthopedics', HEXTORAW('F619EC9363D41680E055000000000001'));
INSERT INTO Doctor (id, first_name, last_name, age, phone_number, email, gender, ssn, profession_start_date, speciality, address_id)
VALUES (SYS_GUID(), 'Sophia', 'Brown', 29, '(555) 678-9012', 'sophia.brown@email.com', 'F', '333333333', TO_TIMESTAMP('2021-02-14 14:00:00', 'YYYY-MM-DD HH24:MI:SS'), 'Gynecology', HEXTORAW('F619EC9363D41680E055000000000001'));
INSERT INTO Doctor (id, first_name, last_name, age, phone_number, email, gender, ssn, profession_start_date, speciality, address_id)
VALUES (SYS_GUID(), 'William', 'Taylor', 45, '(555) 789-0123', 'william.taylor@email.com', 'M', '111111111', TO_TIMESTAMP('2008-05-10 10:30:00', 'YYYY-MM-DD HH24:MI:SS'), 'Neurology', HEXTORAW('F619EC9363D41680E055000000000001'));
INSERT INTO Doctor (id, first_name, last_name, age, phone_number, email, gender, ssn, profession_start_date, speciality, address_id)
VALUES (SYS_GUID(), 'Olivia', 'Johnson', 33, '(555) 890-1234', 'olivia.johnson@email.com', 'F', '222222222', TO_TIMESTAMP('2017-11-05 11:15:00', 'YYYY-MM-DD HH24:MI:SS'), 'Psychiatry', HEXTORAW('F619EC9363D41680E055000000000001'));
INSERT INTO Doctor (id, first_name, last_name, age, phone_number, email, gender, ssn, profession_start_date, speciality, address_id)
VALUES (SYS_GUID(), 'Daniel', 'Garcia', 39, '(555) 901-2345', 'daniel.garcia@email.com', 'M', '918260718', TO_TIMESTAMP('2014-02-28 16:20:00', 'YYYY-MM-DD HH24:MI:SS'), 'Physiology', HEXTORAW('F619EC9363D41680E055000000000001'));
INSERT INTO Doctor (id, first_name, last_name, age, phone_number, email, gender, ssn, profession_start_date, speciality, address_id)
VALUES (SYS_GUID(), 'James', 'cam', 39, '(555) 911-2345', 'James.cam@email.com', 'M', '918260728', TO_TIMESTAMP('2014-02-28 16:20:00', 'YYYY-MM-DD HH24:MI:SS'), 'Physiology', HEXTORAW('F619EC9363D41680E055000000000001'));

-- Insertion queries for Patient_Health_History table

INSERT INTO Patient_Health_History VALUES (SYS_GUID(), 'Patient has a history of asthma', HEXTORAW('F619EC9364681680E055000000000001'));
INSERT INTO Patient_Health_History VALUES (SYS_GUID(), 'Patient has a history of heart disease', HEXTORAW('F619EC9364691680E055000000000001'));
INSERT INTO Patient_Health_History VALUES (SYS_GUID(), 'Patient has a history of diabetes', HEXTORAW('F619EC93646A1680E055000000000001'));
INSERT INTO Patient_Health_History VALUES (SYS_GUID(), 'Patient has a history of depression', HEXTORAW('F619EC93646B1680E055000000000001'));
INSERT INTO Patient_Health_History VALUES (SYS_GUID(), 'Patient has a history of migraines', HEXTORAW('F619EC93646C1680E055000000000001'));
INSERT INTO Patient_Health_History VALUES (SYS_GUID(), 'Patient has a history of cancer', HEXTORAW('F619EC93646D1680E055000000000001'));
INSERT INTO Patient_Health_History VALUES (SYS_GUID(), 'Patient has a history of high blood pressure', HEXTORAW('F619EC93646E1680E055000000000001'));
INSERT INTO Patient_Health_History VALUES (SYS_GUID(), 'Patient has a history of arthritis', HEXTORAW('F619EC93646F1680E055000000000001'));
INSERT INTO Patient_Health_History VALUES (SYS_GUID(), 'Patient has a history of anxiety', HEXTORAW('F619EC9364701680E055000000000001'));
INSERT INTO Patient_Health_History VALUES (SYS_GUID(), 'Patient has a history of ulcers', HEXTORAW('F619EC9364711680E055000000000001'));

-- Insertion queries for Pharmacy table

INSERT INTO Pharmacy (id, business_hours, phone_number, website, email, address_id, manager_id) VALUES (SYS_GUID(), '8:00 AM - 8:00 PM', '(555) 555-1234', 'https://www.walgreens1.com', 'pharmacy1@walgreens.com', HEXTORAW('F619EC9363E11680E055000000000001'), null);
INSERT INTO Pharmacy (id, business_hours, phone_number, website, email, address_id, manager_id) VALUES (SYS_GUID(), '9:00 AM - 9:00 PM', '(555) 555-5678', 'https://www.walgreens2.com', 'pharmacy2@walgreens.com', HEXTORAW('F619EC9363E11680E055000000000001'), null);
INSERT INTO Pharmacy (id, business_hours, phone_number, website, email, address_id, manager_id) VALUES (SYS_GUID(), '10:00 AM - 6:00 PM', '(555) 555-9012', 'https://www.walgreens3.com', 'pharmacy3@walgreens.com', HEXTORAW('F619EC9363E31680E055000000000001'), null);
INSERT INTO Pharmacy (id, business_hours, phone_number, website, email, address_id, manager_id) VALUES (SYS_GUID(), '9:00 AM - 5:00 PM', '(555) 555-1111', 'https://www.walgreens4.com', 'pharmacy4@walgreens.com', HEXTORAW('F619EC9363E41680E055000000000001'), null);
INSERT INTO Pharmacy (id, business_hours, phone_number, website, email, address_id, manager_id) VALUES (SYS_GUID(), '10:00 AM - 8:00 PM', '(555) 555-2222', 'https://www.walgreens5.com', 'pharmacy5@walgreens.com', HEXTORAW('F619EC9363E51680E055000000000001'), null);
INSERT INTO Pharmacy (id, business_hours, phone_number, website, email, address_id, manager_id) VALUES (SYS_GUID(), '8:00 AM - 10:00 PM', '(555) 555-3333', 'https://www.walgreens6.com', 'pharmacy6@walgreens.com', HEXTORAW('F619EC9363E61680E055000000000001'), null);
INSERT INTO Pharmacy (id, business_hours, phone_number, website, email, address_id, manager_id) VALUES (SYS_GUID(), '9:00 AM - 6:00 PM', '(555) 555-4444', 'https://www.walgreens7.com', 'pharmacy7@walgreens.com', HEXTORAW('F619EC9363E71680E055000000000001'), null);
INSERT INTO Pharmacy (id, business_hours, phone_number, website, email, address_id, manager_id) VALUES (SYS_GUID(), '11:00 AM - 7:00 PM', '(555) 555-5555', 'https://www.walgreens8.com', 'pharmacy8@walgreens.com', HEXTORAW('F619EC9363E81680E055000000000001'), null);
INSERT INTO Pharmacy (id, business_hours, phone_number, website, email, address_id, manager_id) VALUES (SYS_GUID(), '8:00 AM - 9:00 PM', '(555) 555-6666', 'https://www.walgreens9.com', 'pharmacy9@walgreens.com', HEXTORAW('F619EC9363EA1680E055000000000001'), null);
INSERT INTO Pharmacy (id, business_hours, phone_number, website, email, address_id, manager_id) VALUES (SYS_GUID(), '9:00 AM - 7:00 PM', '(555) 555-7777', 'https://www.walgreens10.com', 'pharmacy10@walgreens.com', HEXTORAW('F619EC9363EB1680E055000000000001'), null);

-- Insertion queries for Employee table

INSERT INTO Employee (id, first_name, last_name, d_o_b, ssn, phone_number, email, pharmacy_id, address_id)
VALUES (SYS_GUID(), 'John', 'Doe', TO_TIMESTAMP('1980-01-01 00:00:00', 'YYYY-MM-DD HH24:MI:SS'), '123456789', '(123) 456-7890', 'john.doe@gmail.com', HEXTORAW('F619EC9364901680E055000000000001'), HEXTORAW('F619EC9363EC1680E055000000000001'));

INSERT INTO Employee (id, first_name, last_name, d_o_b, ssn, phone_number, email, pharmacy_id, address_id)
VALUES (SYS_GUID(), 'Jane', 'Doe', TO_TIMESTAMP('1985-01-01 13:00:00', 'YYYY-MM-DD HH24:MI:SS'), '987654321', '(234) 567-8901', 'jane.doe@gmail.com', HEXTORAW('F619EC9364901680E055000000000001'), HEXTORAW('F619EC9363EC1680E055000000000001'));

INSERT INTO Employee (id, first_name, last_name, d_o_b, ssn, phone_number, email, pharmacy_id, address_id)
VALUES (SYS_GUID(), 'Bob', 'Smith', TO_TIMESTAMP('1990-03-15 05:30:40', 'YYYY-MM-DD HH24:MI:SS'), '111111111', '(345) 678-9012', 'bob.smith@gmail.com', HEXTORAW('F619EC9364901680E055000000000001'), HEXTORAW('F619EC9363EC1680E055000000000001'));

INSERT INTO Employee (id, first_name, last_name, d_o_b, ssn, phone_number, email, pharmacy_id, address_id)
VALUES (SYS_GUID(), 'Alice', 'Johnson', TO_TIMESTAMP('1995-07-31 15:40:20', 'YYYY-MM-DD HH24:MI:SS'), '222222222', '(456) 789-0123', 'alice.johnson@gmail.com', HEXTORAW('F619EC9364901680E055000000000001'), HEXTORAW('F619EC9363EC1680E055000000000001'));

INSERT INTO Employee (id, first_name, last_name, d_o_b, ssn, phone_number, email, pharmacy_id, address_id)
VALUES (SYS_GUID(), 'Mike', 'Brown', TO_TIMESTAMP('1997-08-21 16:20:10', 'YYYY-MM-DD HH24:MI:SS'), '333333333', '(567) 890-1234', 'mike.brown@gmail.com', HEXTORAW('F619EC9364901680E055000000000001'), HEXTORAW('F619EC9363EC1680E055000000000001'));


INSERT INTO Employee (id, first_name, last_name, d_o_b, ssn, phone_number, email, pharmacy_id, address_id)
VALUES (SYS_GUID(), 'David', 'Wong', TO_TIMESTAMP('2010-01-01 18:35:00', 'YYYY-MM-DD HH24:MI:SS'), '555555555', '(789) 012-3456', 'david.wong@gmail.com',HEXTORAW('F619EC9364901680E055000000000001'), HEXTORAW('F619EC9363ED1680E055000000000001'));


INSERT INTO Employee (id, first_name, last_name, d_o_b, ssn, phone_number, email, pharmacy_id, address_id)
VALUES (SYS_GUID(), 'Ajay', 'Reddy', TO_TIMESTAMP('2011-09-16 19:40:00', 'YYYY-MM-DD HH24:MI:SS'), '666666666', '(918) 260-7188', 'ajay.reddy@gmail.com', HEXTORAW('F619EC9364901680E055000000000001'), HEXTORAW('F619EC9363ED1680E055000000000001'));

INSERT INTO Employee (id, first_name, last_name, d_o_b, ssn, phone_number, email, pharmacy_id, address_id)
VALUES (SYS_GUID(), 'Sai', 'Charan', TO_TIMESTAMP('1999-10-18 14:25:00', 'YYYY-MM-DD HH24:MI:SS'), '777777777', '(940) 977-5012', 'sai.charan@gmail.com', HEXTORAW('F619EC9364901680E055000000000001'), HEXTORAW('F619EC9363ED1680E055000000000001'));
INSERT INTO Employee (id, first_name, last_name, d_o_b, ssn, phone_number, email, pharmacy_id, address_id)
VALUES (SYS_GUID(), 'dheeraj', 'Chowdary', TO_TIMESTAMP('1998-12-05 11:15:00', 'YYYY-MM-DD HH24:MI:SS'), '888888888', '(940) 977-5024', 'dheeraj.chowdary@gmail.com', HEXTORAW('F619EC9364901680E055000000000001'), HEXTORAW('F619EC9363ED1680E055000000000001'));

-- Insertion queries for Prescription table

INSERT INTO Prescription
(id, prescription_date, follow_up_date, advice, extra_notes, patient_id, pharmacy_id, clinic_id, doctor_id)
VALUES
(SYS_GUID(), TIMESTAMP '2022-01-01 10:00:00', TIMESTAMP '2022-01-10 10:00:00', 'Take medication with food', 'None', HEXTORAW('F619EC9364691680E055000000000001'), HEXTORAW('F619EC9364901680E055000000000001'), HEXTORAW('F619EC9364861680E055000000000001'), HEXTORAW('F619EC9364731680E055000000000001'));

INSERT INTO Prescription
(id, prescription_date, follow_up_date, advice, extra_notes, patient_id, pharmacy_id, clinic_id, doctor_id)
VALUES
(SYS_GUID(), TIMESTAMP '2022-02-01 11:00:00', TIMESTAMP '2022-02-08 11:00:00', 'Take medication at bedtime', 'None', HEXTORAW('F619EC9364691680E055000000000001'), HEXTORAW('F619EC9364901680E055000000000001'), HEXTORAW('F619EC9364861680E055000000000001'), HEXTORAW('F619EC9364731680E055000000000001'));

INSERT INTO Prescription
(id, prescription_date, follow_up_date, advice, extra_notes, patient_id, pharmacy_id, clinic_id, doctor_id)
VALUES
(SYS_GUID(), TIMESTAMP '2022-03-01 12:00:00', TIMESTAMP '2022-03-05 12:00:00', 'Take medication before meals', 'None', HEXTORAW('F619EC9364691680E055000000000001'), HEXTORAW('F619EC9364901680E055000000000001'), HEXTORAW('F619EC9364861680E055000000000001'), HEXTORAW('F619EC9364731680E055000000000001'));

INSERT INTO Prescription
(id, prescription_date, follow_up_date, advice, extra_notes, patient_id, pharmacy_id, clinic_id, doctor_id)
VALUES
(SYS_GUID(), TIMESTAMP '2022-04-01 13:00:00', TIMESTAMP '2022-04-07 13:00:00', 'Take medication with water only', 'None', HEXTORAW('F619EC9364691680E055000000000001'), HEXTORAW('F619EC9364901680E055000000000001'), HEXTORAW('F619EC9364861680E055000000000001'), HEXTORAW('F619EC9364731680E055000000000001'));

INSERT INTO Prescription
(id, prescription_date, follow_up_date, advice, extra_notes, patient_id, pharmacy_id, clinic_id, doctor_id)
VALUES
(SYS_GUID(),TIMESTAMP '2022-05-01 14:00:00',TIMESTAMP '2022-05-10 14:00:00', 'Take medication with meals', 'None', HEXTORAW('F619EC9364691680E055000000000001'), HEXTORAW('F619EC9364901680E055000000000001'), HEXTORAW('F619EC9364861680E055000000000001'), HEXTORAW('F619EC9364731680E055000000000001'));

INSERT INTO Prescription
(id, prescription_date, follow_up_date, advice, extra_notes, patient_id, pharmacy_id, clinic_id, doctor_id)
VALUES
(SYS_GUID(),TIMESTAMP '2022-05-01 14:00:00',TIMESTAMP '2022-05-10 14:00:00', 'Take medication twice a day', 'None', HEXTORAW('F619EC9364691680E055000000000001'), HEXTORAW('F619EC9364901680E055000000000001'), HEXTORAW('F619EC9364861680E055000000000001'), HEXTORAW('F619EC9364731680E055000000000001'));

INSERT INTO Prescription
(id, prescription_date, follow_up_date, advice, extra_notes, patient_id, pharmacy_id, clinic_id, doctor_id)
VALUES
(SYS_GUID(),TIMESTAMP '2022-05-01 14:00:00',TIMESTAMP '2022-05-10 14:00:00', 'Take medication after meals', 'None', HEXTORAW('F619EC9364691680E055000000000001'), HEXTORAW('F619EC9364901680E055000000000001'), HEXTORAW('F619EC9364861680E055000000000001'), HEXTORAW('F619EC9364731680E055000000000001'));

INSERT INTO Prescription
(id, prescription_date, follow_up_date, advice, extra_notes, patient_id, pharmacy_id, clinic_id, doctor_id)
VALUES
(SYS_GUID(),TIMESTAMP '2022-05-01 14:00:00',TIMESTAMP '2022-05-10 14:00:00', 'Take medication with food', 'None', HEXTORAW('F619EC9364691680E055000000000001'), HEXTORAW('F619EC9364901680E055000000000001'), HEXTORAW('F619EC9364861680E055000000000001'), HEXTORAW('F619EC9364731680E055000000000001'));

INSERT INTO Prescription
(id, prescription_date, follow_up_date, advice, extra_notes, patient_id, pharmacy_id, clinic_id, doctor_id)
VALUES
(SYS_GUID(),TIMESTAMP '2022-05-01 14:00:00',TIMESTAMP '2022-05-10 14:00:00', 'Take medication with food', 'None', HEXTORAW('F619EC9364691680E055000000000001'), HEXTORAW('F619EC9364901680E055000000000001'), HEXTORAW('F619EC9364861680E055000000000001'), HEXTORAW('F619EC9364731680E055000000000001'));

INSERT INTO Prescription
(id, prescription_date, follow_up_date, advice, extra_notes, patient_id, pharmacy_id, clinic_id, doctor_id)
VALUES
(SYS_GUID(),TIMESTAMP '2022-05-01 14:00:00',TIMESTAMP '2022-05-10 14:00:00', 'Take medication with food', 'None', HEXTORAW('F619EC9364691680E055000000000001'), HEXTORAW('F619EC9364901680E055000000000001'), HEXTORAW('F619EC9364861680E055000000000001'), HEXTORAW('F619EC9364731680E055000000000001'));

-- Insertion queries for Complaint table

INSERT INTO Complaint (id, prescription_id, description)
VALUES (SYS_GUID(), HEXTORAW('F619EC9364B81680E055000000000001'), 'Nausea and vomiting after taking medication');

INSERT INTO Complaint (id, prescription_id, description)
VALUES (SYS_GUID(), HEXTORAW('F619EC9364B81680E055000000000001'), 'Difficulty breathing and chest pain');

INSERT INTO Complaint (id, prescription_id, description)
VALUES (SYS_GUID(), HEXTORAW('F619EC9364B81680E055000000000001'), 'Skin rash and itching after using cream');

INSERT INTO Complaint (id, prescription_id, description)
VALUES (SYS_GUID(), HEXTORAW('F619EC9364B81680E055000000000001'), 'Abdominal pain and diarrhea');

INSERT INTO Complaint (id, prescription_id, description)
VALUES (SYS_GUID(), HEXTORAW('F619EC9364B81680E055000000000001'), 'Joint pain and swelling');

INSERT INTO Complaint (id, prescription_id, description)
VALUES (SYS_GUID(), HEXTORAW('F619EC9364B81680E055000000000001'), 'Headache and dizziness');

INSERT INTO Complaint (id, prescription_id, description)
VALUES (SYS_GUID(), HEXTORAW('F619EC9364B81680E055000000000001'), 'Numbness and tingling in hands and feet');

INSERT INTO Complaint (id, prescription_id, description)
VALUES (SYS_GUID(), HEXTORAW('F619EC9364B81680E055000000000001'), 'Difficulty sleeping and fatigue');

INSERT INTO Complaint (id, prescription_id, description)
VALUES (SYS_GUID(), HEXTORAW('F619EC9364B81680E055000000000001'), 'Blurred vision and eye pain');

INSERT INTO Complaint (id, prescription_id, description)
VALUES (SYS_GUID(), HEXTORAW('F619EC9364B81680E055000000000001'), 'Muscle weakness and pain');

-- Insertion queries for Medicine table

INSERT INTO Medicine (id, name, strength, duration, dosage, drug_type, number_of_refills, route, purpose, prescription_id)
VALUES(SYS_GUID(),  'Ibuprofen', '200mg', '7 days', '1 tablet every 6 hours', 'Tablet', 2, 'Oral', 'Pain relief', HEXTORAW('F619EC9364B81680E055000000000001'));
INSERT INTO Medicine (id, name, strength, duration, dosage, drug_type, number_of_refills, route, purpose, prescription_id)
VALUES(SYS_GUID(),  'Lisinopril', '10mg', '30 days', '1 tablet daily', 'Tablet', 1, 'Oral', 'Blood pressure control', HEXTORAW('F619EC9364B81680E055000000000001'));
INSERT INTO Medicine (id, name, strength, duration, dosage, drug_type, number_of_refills, route, purpose, prescription_id)
VALUES(SYS_GUID(),  'Amoxicillin', '500mg', '10 days', '1 tablet every 8 hours', 'Tablet', 1, 'Oral', 'Bacterial infection treatment', HEXTORAW('F619EC9364B81680E055000000000001'));
INSERT INTO Medicine (id, name, strength, duration, dosage, drug_type, number_of_refills, route, purpose, prescription_id)
VALUES(SYS_GUID(),  'Prednisone', '5mg', '5 days', '1 tablet daily', 'Tablet', 1, 'Oral', 'Inflammatory condition treatment', HEXTORAW('F619EC9364B81680E055000000000001'));
INSERT INTO Medicine (id, name, strength, duration, dosage, drug_type, number_of_refills, route, purpose, prescription_id)
VALUES(SYS_GUID(),  'Flonase', '50mcg', '30 days', '1 nostril spray', 'Tablet', 1, 'Nasal', 'Allergy symptom relief', HEXTORAW('F619EC9364B81680E055000000000001'));
INSERT INTO Medicine (id, name, strength, duration, dosage, drug_type, number_of_refills, route, purpose, prescription_id)
VALUES(SYS_GUID(),  'Morphine', '10mg/mL', 'As needed', '1-10mg/mL every 4 hours as needed for pain', 'Injection', 0, 'Intravenous', 'Severe pain management',HEXTORAW('F619EC9364B81680E055000000000001'));
INSERT INTO Medicine (id, name, strength, duration, dosage, drug_type, number_of_refills, route, purpose, prescription_id)
VALUES(SYS_GUID(),  'Amoxicillin', '500 mg', '10 days', 'Take 1 tablet by mouth every 8 hours', 'Tablet', 3, 'Oral', 'Treat bacterial infection', HEXTORAW('F619EC9364B81680E055000000000001'));
INSERT INTO Medicine (id, name, strength, duration, dosage, drug_type, number_of_refills, route, purpose, prescription_id)
VALUES(SYS_GUID(),  'Loratadine', '10 mg', '30 days', 'Take 1 tablet by mouth once daily', 'Tablet', 0, 'Oral', 'Treat allergies', HEXTORAW('F619EC9364B81680E055000000000001'));
INSERT INTO Medicine (id, name, strength, duration, dosage, drug_type, number_of_refills, route, purpose, prescription_id)
VALUES(SYS_GUID(),  'Acetaminophen', '500 mg', '24 hours', 'Take 2 tablets by mouth every 6 hours as needed for pain', 'Tablet', 5, 'Oral', 'Relieve pain', HEXTORAW('F619EC9364B81680E055000000000001'));
INSERT INTO Medicine (id, name, strength, duration, dosage, drug_type, number_of_refills, route, purpose, prescription_id)
VALUES(SYS_GUID(), 'Ibuprofen', '200 mg', '24 hours', 'Take 1 tablet by mouth every 4-6 hours as needed for pain', 'Tablet', 4, 'Oral', 'Relieve pain', HEXTORAW('F619EC9364B81680E055000000000001'));

-- Insertion queries for Bill table

INSERT INTO Bill (id, bill_date, mode_of_payment, insurance_id, patient_id, prescription_id, employee_id)
VALUES (SYS_GUID(), TO_TIMESTAMP('2022-03-04 10:00:00', 'YYYY-MM-DD HH24:MI:SS'), 'CARD', HEXTORAW('F619EC9364231680E055000000000001'), HEXTORAW('F619EC9364691680E055000000000001'), HEXTORAW('F619EC9364B81680E055000000000001'), HEXTORAW('F619EC93649B1680E055000000000001'));

INSERT INTO Bill (id, bill_date, mode_of_payment, insurance_id, patient_id, prescription_id, employee_id)
VALUES (SYS_GUID(), TO_TIMESTAMP('2022-02-20 12:00:00', 'YYYY-MM-DD HH24:MI:SS'), 'CASH', HEXTORAW('F619EC9364231680E055000000000001'), HEXTORAW('F619EC9364691680E055000000000001'), HEXTORAW('F619EC9364B81680E055000000000001'), HEXTORAW('F619EC93649B1680E055000000000001'));

INSERT INTO Bill (id, bill_date, mode_of_payment, insurance_id, patient_id, prescription_id, employee_id)
VALUES (SYS_GUID(), TO_TIMESTAMP('2022-02-16 14:00:00', 'YYYY-MM-DD HH24:MI:SS'), 'CARD', HEXTORAW('F619EC9364231680E055000000000001'), HEXTORAW('F619EC9364691680E055000000000001'), HEXTORAW('F619EC9364B81680E055000000000001'), HEXTORAW('F619EC93649B1680E055000000000001'));

INSERT INTO Bill (id, bill_date, mode_of_payment, insurance_id, patient_id, prescription_id, employee_id)
VALUES (SYS_GUID(), TO_TIMESTAMP('2022-01-15 16:00:00', 'YYYY-MM-DD HH24:MI:SS'), 'CASH', HEXTORAW('F619EC9364231680E055000000000001'), HEXTORAW('F619EC9364691680E055000000000001'), HEXTORAW('F619EC9364B81680E055000000000001'), HEXTORAW('F619EC93649B1680E055000000000001'));

INSERT INTO Bill (id, bill_date, mode_of_payment, insurance_id, patient_id, prescription_id, employee_id)
VALUES (SYS_GUID(), TO_TIMESTAMP('2022-03-01 20:00:00', 'YYYY-MM-DD HH24:MI:SS'), 'CASH', HEXTORAW('F619EC9364231680E055000000000001'), HEXTORAW('F619EC9364691680E055000000000001'), HEXTORAW('F619EC9364B81680E055000000000001'), HEXTORAW('F619EC93649B1680E055000000000001'));

INSERT INTO Bill (id, bill_date, mode_of_payment, insurance_id, patient_id, prescription_id, employee_id)
VALUES (SYS_GUID(), TO_TIMESTAMP('2022-02-28 22:00:00', 'YYYY-MM-DD HH24:MI:SS'), 'CARD', HEXTORAW('F619EC9364231680E055000000000001'), HEXTORAW('F619EC9364691680E055000000000001'), HEXTORAW('F619EC9364B81680E055000000000001'), HEXTORAW('F619EC93649B1680E055000000000001'));

INSERT INTO Bill (id, bill_date, mode_of_payment, insurance_id, patient_id, prescription_id, employee_id)
VALUES (SYS_GUID(), TO_TIMESTAMP('2022-02-25 12:00:00', 'YYYY-MM-DD HH24:MI:SS'), 'CASH', HEXTORAW('F619EC9364231680E055000000000001'), HEXTORAW('F619EC9364691680E055000000000001'), HEXTORAW('F619EC9364B81680E055000000000001'), HEXTORAW('F619EC93649B1680E055000000000001'));

INSERT INTO Bill (id, bill_date, mode_of_payment, insurance_id, patient_id, prescription_id, employee_id)
VALUES (SYS_GUID(), TO_TIMESTAMP('2022-02-20 10:00:00', 'YYYY-MM-DD HH24:MI:SS'), 'CARD', HEXTORAW('F619EC9364231680E055000000000001'), HEXTORAW('F619EC9364691680E055000000000001'), HEXTORAW('F619EC9364B81680E055000000000001'), HEXTORAW('F619EC93649B1680E055000000000001'));

INSERT INTO Bill (id, bill_date, mode_of_payment, insurance_id, patient_id, prescription_id, employee_id)
VALUES (SYS_GUID(), TO_TIMESTAMP('2022-02-10 16:00:00', 'YYYY-MM-DD HH24:MI:SS'), 'CARD', HEXTORAW('F619EC9364231680E055000000000001'), HEXTORAW('F619EC9364691680E055000000000001'), HEXTORAW('F619EC9364B81680E055000000000001'), HEXTORAW('F619EC93649B1680E055000000000001'));

INSERT INTO Bill (id, bill_date, mode_of_payment, insurance_id, patient_id, prescription_id, employee_id)
VALUES (SYS_GUID(), TO_TIMESTAMP('2022-02-05 18:00:00', 'YYYY-MM-DD HH24:MI:SS'), 'CASH', HEXTORAW('F619EC9364231680E055000000000001'), HEXTORAW('F619EC9364691680E055000000000001'), HEXTORAW('F619EC9364B81680E055000000000001'), HEXTORAW('F619EC93649B1680E055000000000001'));

INSERT INTO Bill (id, bill_date, mode_of_payment, insurance_id, patient_id, prescription_id, employee_id)
VALUES (SYS_GUID(), TO_TIMESTAMP('2022-02-01 20:00:00', 'YYYY-MM-DD HH24:MI:SS'), 'CARD', HEXTORAW('F619EC9364231680E055000000000001'), HEXTORAW('F619EC9364691680E055000000000001'), HEXTORAW('F619EC9364B81680E055000000000001'), HEXTORAW('F619EC93649B1680E055000000000001'));

INSERT INTO Bill (id, bill_date, mode_of_payment, insurance_id, patient_id, prescription_id, employee_id)
VALUES (SYS_GUID(), TO_TIMESTAMP('2022-01-27 22:00:00', 'YYYY-MM-DD HH24:MI:SS'), 'CASH', HEXTORAW('F619EC9364231680E055000000000001'), HEXTORAW('F619EC9364691680E055000000000001'), HEXTORAW('F619EC9364B81680E055000000000001'), HEXTORAW('F619EC93649B1680E055000000000001'));

-- Insertion queries for Employee_Payroll table

INSERT INTO Employee_Payroll (id, total_hours_worked, start_date, end_date, gross_pay, tax_deduction_percentage, bonus, employee_id) 
VALUES (SYS_GUID(), 80, TIMESTAMP '2023-02-01 08:00:00', TIMESTAMP '2023-02-15 17:00:00', 2000.00, 20, 100.00, HEXTORAW('F619EC93649B1680E055000000000001'));
INSERT INTO Employee_Payroll (id, total_hours_worked, start_date, end_date, gross_pay, tax_deduction_percentage, bonus, employee_id) 
VALUES(SYS_GUID(), 75, TIMESTAMP '2023-02-16 08:00:00', TIMESTAMP '2023-02-28 17:00:00', 1900.00, 18, 50.00, HEXTORAW('F619EC93649B1680E055000000000001'));
INSERT INTO Employee_Payroll (id, total_hours_worked, start_date, end_date, gross_pay, tax_deduction_percentage, bonus, employee_id) 
VALUES(SYS_GUID(), 90, TIMESTAMP '2023-03-01 08:00:00', TIMESTAMP '2023-03-15 17:00:00', 2250.00, 22, 150.00, HEXTORAW('F619EC93649B1680E055000000000001'));
INSERT INTO Employee_Payroll (id, total_hours_worked, start_date, end_date, gross_pay, tax_deduction_percentage, bonus, employee_id) 
VALUES(SYS_GUID(), 70, TIMESTAMP '2023-03-16 08:00:00', TIMESTAMP '2023-03-31 17:00:00', 1750.00, 16, 0.00, HEXTORAW('F619EC93649B1680E055000000000001'));
INSERT INTO Employee_Payroll (id, total_hours_worked, start_date, end_date, gross_pay, tax_deduction_percentage, bonus, employee_id) 
VALUES(SYS_GUID(), 85, TIMESTAMP '2023-04-01 08:00:00', TIMESTAMP '2023-04-15 17:00:00', 2125.00, 21, 75.00, HEXTORAW('F619EC93649B1680E055000000000001'));
INSERT INTO Employee_Payroll (id, total_hours_worked, start_date, end_date, gross_pay, tax_deduction_percentage, bonus, employee_id) 
VALUES(SYS_GUID(), 65, TIMESTAMP '2023-04-16 08:00:00', TIMESTAMP '2023-04-30 17:00:00', 1625.00, 15, 25.00, HEXTORAW('F619EC93649B1680E055000000000001'));
INSERT INTO Employee_Payroll (id, total_hours_worked, start_date, end_date, gross_pay, tax_deduction_percentage, bonus, employee_id) 
VALUES(SYS_GUID(), 100, TIMESTAMP '2023-05-01 08:00:00', TIMESTAMP '2023-05-15 17:00:00', 2500.00, 25, 200.00, HEXTORAW('F619EC93649B1680E055000000000001'));
INSERT INTO Employee_Payroll (id, total_hours_worked, start_date, end_date, gross_pay, tax_deduction_percentage, bonus, employee_id) 
VALUES(SYS_GUID(), 55, TIMESTAMP '2023-05-16 08:00:00', TIMESTAMP '2023-05-31 17:00:00', 1375.00, 13, 0.00, HEXTORAW('F619EC93649B1680E055000000000001'));
INSERT INTO Employee_Payroll (id, total_hours_worked, start_date, end_date, gross_pay, tax_deduction_percentage, bonus, employee_id) 
VALUES(SYS_GUID(), 95, TIMESTAMP '2023-06-01 08:00:00', TIMESTAMP '2023-06-15 17:00:00', 2375.00, 23, 100.00, HEXTORAW('F619EC93649B1680E055000000000001'));
INSERT INTO Employee_Payroll (id, total_hours_worked, start_date, end_date, gross_pay, tax_deduction_percentage, bonus, employee_id) 
VALUES(SYS_GUID(), 60, TIMESTAMP '2023-06-16 08:00:00', TIMESTAMP '2023-06-30 17:00:00', 1500.00, 14, 50.00, HEXTORAW('F619EC93649B1680E055000000000001'));

-- Insertion queries for Doctor_Clinic table

INSERT INTO Doctor_Clinic (doctor_id, clinic_id, doctor_availability) VALUES (HEXTORAW('F619EC9364721680E055000000000001'), HEXTORAW('F619EC9364861680E055000000000001'), '9AM-9PM');
INSERT INTO Doctor_Clinic (doctor_id, clinic_id, doctor_availability) VALUES (HEXTORAW('F619EC9364731680E055000000000001'), HEXTORAW('F619EC9364861680E055000000000001'), '9AM-9PM');
INSERT INTO Doctor_Clinic (doctor_id, clinic_id, doctor_availability) VALUES (HEXTORAW('F619EC9364741680E055000000000001'), HEXTORAW('F619EC9364861680E055000000000001'), '9AM-9PM');
INSERT INTO Doctor_Clinic (doctor_id, clinic_id, doctor_availability) VALUES (HEXTORAW('F619EC9364751680E055000000000001'), HEXTORAW('F619EC9364861680E055000000000001'), '9AM-9PM');
INSERT INTO Doctor_Clinic (doctor_id, clinic_id, doctor_availability) VALUES (HEXTORAW('F619EC9364761680E055000000000001'), HEXTORAW('F619EC9364861680E055000000000001'), '9AM-9PM');
INSERT INTO Doctor_Clinic (doctor_id, clinic_id, doctor_availability) VALUES (HEXTORAW('F619EC9364771680E055000000000001'), HEXTORAW('F619EC9364861680E055000000000001'), '9AM-9PM');
INSERT INTO Doctor_Clinic (doctor_id, clinic_id, doctor_availability) VALUES (HEXTORAW('F619EC9364781680E055000000000001'), HEXTORAW('F619EC9364861680E055000000000001'), '9AM-9PM');
INSERT INTO Doctor_Clinic (doctor_id, clinic_id, doctor_availability) VALUES (HEXTORAW('F619EC9364791680E055000000000001'), HEXTORAW('F619EC9364861680E055000000000001'), '9AM-9PM');
INSERT INTO Doctor_Clinic (doctor_id, clinic_id, doctor_availability) VALUES (HEXTORAW('F619EC93647A1680E055000000000001'), HEXTORAW('F619EC9364861680E055000000000001'), '9AM-9PM');
INSERT INTO Doctor_Clinic (doctor_id, clinic_id, doctor_availability) VALUES (HEXTORAW('F619EC93647B1680E055000000000001'), HEXTORAW('F619EC9364861680E055000000000001'), '9AM-9PM');

-- Insertion queries for Billed_Drugs table

INSERT INTO Billed_Drugs (bill_id, ndc_code, quantity) VALUES (HEXTORAW('F619EC9364F21680E055000000000001'), HEXTORAW('F619EC9364541680E055000000000001'), 5);
INSERT INTO Billed_Drugs (bill_id, ndc_code, quantity) VALUES (HEXTORAW('F619EC9364F31680E055000000000001'), HEXTORAW('F619EC9364551680E055000000000001'), 5);
INSERT INTO Billed_Drugs (bill_id, ndc_code, quantity) VALUES (HEXTORAW('F619EC9364F41680E055000000000001'), HEXTORAW('F619EC9364561680E055000000000001'), 5);
INSERT INTO Billed_Drugs (bill_id, ndc_code, quantity) VALUES (HEXTORAW('F619EC9364F51680E055000000000001'), HEXTORAW('F619EC9364571680E055000000000001'), 5);
INSERT INTO Billed_Drugs (bill_id, ndc_code, quantity) VALUES (HEXTORAW('F619EC9364F61680E055000000000001'), HEXTORAW('F619EC9364591680E055000000000001'), 5);
INSERT INTO Billed_Drugs (bill_id, ndc_code, quantity) VALUES (HEXTORAW('F619EC9364F71680E055000000000001'), HEXTORAW('F619EC93645D1680E055000000000001'), 5);
INSERT INTO Billed_Drugs (bill_id, ndc_code, quantity) VALUES (HEXTORAW('F619EC9364F81680E055000000000001'), HEXTORAW('F619EC93645A1680E055000000000001'), 5);
INSERT INTO Billed_Drugs (bill_id, ndc_code, quantity) VALUES (HEXTORAW('F619EC9364F91680E055000000000001'), HEXTORAW('F619EC9364581680E055000000000001'), 5);
INSERT INTO Billed_Drugs (bill_id, ndc_code, quantity) VALUES (HEXTORAW('F619EC9364FA1680E055000000000001'), HEXTORAW('F619EC9364591680E055000000000001'), 5);
INSERT INTO Billed_Drugs (bill_id, ndc_code, quantity) VALUES (HEXTORAW('F619EC9364FA1680E055000000000001'), HEXTORAW('F619EC93645D1680E055000000000001'), 5);

-- Insertion queries for Patient_Doctor table

INSERT INTO Patient_Doctor (patient_id, doctor_id)
VALUES (HEXTORAW('F619EC9364681680E055000000000001'), HEXTORAW('F619EC9364721680E055000000000001'));
INSERT INTO Patient_Doctor (patient_id, doctor_id)
VALUES (HEXTORAW('F619EC9364691680E055000000000001'), HEXTORAW('F619EC9364761680E055000000000001'));
INSERT INTO Patient_Doctor (patient_id, doctor_id)
VALUES (HEXTORAW('F619EC93646A1680E055000000000001'), HEXTORAW('F619EC9364741680E055000000000001'));
INSERT INTO Patient_Doctor (patient_id, doctor_id)
VALUES (HEXTORAW('F619EC93646B1680E055000000000001'), HEXTORAW('F619EC9364791680E055000000000001'));
INSERT INTO Patient_Doctor (patient_id, doctor_id)
VALUES (HEXTORAW('F619EC93646C1680E055000000000001'), HEXTORAW('F619EC9364731680E055000000000001'));
INSERT INTO Patient_Doctor (patient_id, doctor_id) 
VALUES (HEXTORAW('F619EC93646C1680E055000000000001'), HEXTORAW('F619EC9364781680E055000000000001'));
INSERT INTO Patient_Doctor (patient_id, doctor_id) 
VALUES (HEXTORAW('F619EC93646D1680E055000000000001'), HEXTORAW('F619EC9364791680E055000000000001'));
INSERT INTO Patient_Doctor (patient_id, doctor_id) 
VALUES (HEXTORAW('F619EC93646E1680E055000000000001'), HEXTORAW('F619EC93647A1680E055000000000001'));
INSERT INTO Patient_Doctor (patient_id, doctor_id) 
VALUES (HEXTORAW('F619EC93646F1680E055000000000001'), HEXTORAW('F619EC9364731680E055000000000001'));
INSERT INTO Patient_Doctor (patient_id, doctor_id) 
VALUES (HEXTORAW('F619EC9364701680E055000000000001'), HEXTORAW('F619EC9364741680E055000000000001'));

-- Insertion queries for Vaccination_Patient table

INSERT INTO Vaccination_Patient (vaccination_id, patient_id, dose_number, vaccine_date) 
VALUES (HEXTORAW('F619EC9364371680E055000000000001'), HEXTORAW('F619EC9364681680E055000000000001'), 1, TIMESTAMP '2022-02-01 10:00:00');
INSERT INTO Vaccination_Patient (vaccination_id, patient_id, dose_number, vaccine_date) 
VALUES (HEXTORAW('F619EC9364381680E055000000000001'), HEXTORAW('F619EC9364691680E055000000000001'), 1, TIMESTAMP '2022-02-02 11:00:00');
INSERT INTO Vaccination_Patient (vaccination_id, patient_id, dose_number, vaccine_date) 
VALUES (HEXTORAW('F619EC9364391680E055000000000001'), HEXTORAW('F619EC93646A1680E055000000000001'), 1, TIMESTAMP '2022-02-03 12:00:00');
INSERT INTO Vaccination_Patient (vaccination_id, patient_id, dose_number, vaccine_date) 
VALUES (HEXTORAW('F619EC93643A1680E055000000000001'), HEXTORAW('F619EC93646B1680E055000000000001'), 1, TIMESTAMP '2022-02-04 13:00:00');
INSERT INTO Vaccination_Patient (vaccination_id, patient_id, dose_number, vaccine_date) 
VALUES (HEXTORAW('F619EC93643B1680E055000000000001'), HEXTORAW('F619EC93646C1680E055000000000001'), 1, TIMESTAMP '2022-02-05 14:00:00');
INSERT INTO Vaccination_Patient (vaccination_id, patient_id, dose_number, vaccine_date)
VALUES (HEXTORAW('F619EC93643F1680E055000000000001'), HEXTORAW('F619EC93646D1680E055000000000001'), 2, TIMESTAMP '2022-02-06 14:00:00');
INSERT INTO Vaccination_Patient (vaccination_id, patient_id, dose_number, vaccine_date)
VALUES (HEXTORAW('F619EC93643D1680E055000000000001'), HEXTORAW('F619EC9364691680E055000000000001'), 1, TIMESTAMP '2022-02-06 14:00:00');
INSERT INTO Vaccination_Patient (vaccination_id, patient_id, dose_number, vaccine_date)
VALUES (HEXTORAW('F619EC93643C1680E055000000000001'), HEXTORAW('F619EC93646F1680E055000000000001'), 1, TIMESTAMP '2022-02-06 14:00:00');
INSERT INTO Vaccination_Patient (vaccination_id, patient_id, dose_number, vaccine_date)
VALUES (HEXTORAW('F619EC93643B1680E055000000000001'), HEXTORAW('F619EC93646D1680E055000000000001'), 2, TIMESTAMP '2022-02-07 14:00:00');
INSERT INTO Vaccination_Patient (vaccination_id, patient_id, dose_number, vaccine_date)
VALUES (HEXTORAW('F619EC93643A1680E055000000000001'), HEXTORAW('F619EC93646E1680E055000000000001'), 1, TIMESTAMP '2022-02-07 14:00:00');

-- Insertion queries for Patient_Allergy table

INSERT INTO Patient_Allergy (patient_id, allergy_id)
VALUES (HEXTORAW('F619EC9364681680E055000000000001'), HEXTORAW('F619EC93642D1680E055000000000001'));
INSERT INTO Patient_Allergy (patient_id, allergy_id)
VALUES (HEXTORAW('F619EC9364691680E055000000000001'), HEXTORAW('F619EC93642E1680E055000000000001'));
INSERT INTO Patient_Allergy (patient_id, allergy_id)
VALUES (HEXTORAW('F619EC93646A1680E055000000000001'), HEXTORAW('F619EC93642F1680E055000000000001'));
INSERT INTO Patient_Allergy (patient_id, allergy_id)
VALUES (HEXTORAW('F619EC93646B1680E055000000000001'), HEXTORAW('F619EC9364301680E055000000000001'));
INSERT INTO Patient_Allergy (patient_id, allergy_id)
VALUES (HEXTORAW('F619EC93646C1680E055000000000001'), HEXTORAW('F619EC9364311680E055000000000001'));
INSERT INTO Patient_Allergy (patient_id, allergy_id)
VALUES (HEXTORAW('F619EC93646D1680E055000000000001'), HEXTORAW('F619EC9364321680E055000000000001'));
INSERT INTO Patient_Allergy (patient_id, allergy_id)
VALUES (HEXTORAW('F619EC93646E1680E055000000000001'), HEXTORAW('F619EC9364331680E055000000000001'));
INSERT INTO Patient_Allergy (patient_id, allergy_id)
VALUES (HEXTORAW('F619EC93646F1680E055000000000001'), HEXTORAW('F619EC9364341680E055000000000001'));
INSERT INTO Patient_Allergy (patient_id, allergy_id)
VALUES (HEXTORAW('F619EC9364701680E055000000000001'), HEXTORAW('F619EC9364351680E055000000000001'));
INSERT INTO Patient_Allergy (patient_id, allergy_id)
VALUES (HEXTORAW('F619EC9364711680E055000000000001'), HEXTORAW('F619EC9364361680E055000000000001'));

-- Insertion queries for Patient_Insurance table

INSERT INTO Patient_Insurance (patient_id, insurance_id, start_date, end_date, status)
VALUES (HEXTORAW('F619EC9364681680E055000000000001'), HEXTORAW('F619EC9364231680E055000000000001'), TIMESTAMP '2022-01-01 00:00:00', TIMESTAMP '2022-12-31 23:59:59', 'ACTIVE');
INSERT INTO Patient_Insurance (patient_id, insurance_id, start_date, end_date, status)
VALUES (HEXTORAW('F619EC9364691680E055000000000001'), HEXTORAW('F619EC9364241680E055000000000001'), TIMESTAMP '2021-06-01 12:00:00', TIMESTAMP '2022-06-01 12:00:00', 'ACTIVE');
INSERT INTO Patient_Insurance (patient_id, insurance_id, start_date, end_date, status)
VALUES (HEXTORAW('F619EC93646A1680E055000000000001'), HEXTORAW('F619EC9364251680E055000000000001'), TIMESTAMP '2022-02-15 10:30:00', TIMESTAMP '2022-03-15 10:30:00', 'INACTIVE');
INSERT INTO Patient_Insurance (patient_id, insurance_id, start_date, end_date, status)
VALUES (HEXTORAW('F619EC93646B1680E055000000000001'), HEXTORAW('F619EC9364261680E055000000000001'), TIMESTAMP '2022-03-01 00:00:00', TIMESTAMP '2022-03-31 23:59:59', 'ACTIVE');
INSERT INTO Patient_Insurance (patient_id, insurance_id, start_date, end_date, status)
VALUES (HEXTORAW('F619EC93646C1680E055000000000001'), HEXTORAW('F619EC9364271680E055000000000001'), TIMESTAMP '2022-05-01 08:00:00', TIMESTAMP '2022-05-31 08:00:00', 'INACTIVE');
INSERT INTO Patient_Insurance (patient_id, insurance_id, start_date, end_date, status)
VALUES (HEXTORAW('F619EC93646D1680E055000000000001'), HEXTORAW('F619EC9364281680E055000000000001'), TIMESTAMP '2021-12-01 00:00:00', TIMESTAMP '2022-12-01 00:00:00', 'ACTIVE');
INSERT INTO Patient_Insurance (patient_id, insurance_id, start_date, end_date, status)
VALUES (HEXTORAW('F619EC93646E1680E055000000000001'), HEXTORAW('F619EC9364291680E055000000000001'), TIMESTAMP '2022-04-15 14:45:00', TIMESTAMP '2022-04-30 14:45:00', 'INACTIVE');
INSERT INTO Patient_Insurance (patient_id, insurance_id, start_date, end_date, status)
VALUES (HEXTORAW('F619EC93646D1680E055000000000001'), HEXTORAW('F619EC9364241680E055000000000001'), TIMESTAMP '2022-02-28 10:30:00', TIMESTAMP '2022-08-31 23:59:59', 'ACTIVE');
INSERT INTO Patient_Insurance (patient_id, insurance_id, start_date, end_date, status)
VALUES (HEXTORAW('F619EC9364701680E055000000000001'), HEXTORAW('F619EC9364281680E055000000000001'), TIMESTAMP '2021-11-01 00:00:00', TIMESTAMP '2022-05-01 00:00:00', 'INACTIVE');
INSERT INTO Patient_Insurance (patient_id, insurance_id, start_date, end_date, status)
VALUES (HEXTORAW('F619EC9364681680E055000000000001'), HEXTORAW('F619EC9364291680E055000000000001'), TIMESTAMP '2022-01-15 08:00:00', TIMESTAMP '2022-07-15 07:59:59', 'ACTIVE');
